comment_id,video_id,author,author_channel_id,comment_text,like_count,published_at,updated_at,reply_count,is_reply,parent_id,reply_depth
Ugx4C3F9jwLquCYw0AB4AaABAg,mV89q23WSjE,@jocoding,UCQNE2JmbasNYbjGAcuBiRRg,"🎉출간 기념 책 증정 댓글 이벤트🎉<br>조코딩의 랭체인으로 AI 에이전트 서비스 만들기 책을 꼭 읽어보고 싶은 이유 및 기대평 등을 자유롭게 적어주세요! 정성스럽게 작성해주신 분께 추첨을 통해 한빛미디어 출판사에서 &quot;조코딩의 랭체인으로 AI 에이전트 서비스 만들기&quot; 책을 선물해드립니다.<br>- 이벤트 기간: 2025.7.21(월) ~ 2025.8.3(일)<br>- 당첨자 발표: 2025.8.4(월) 영상 고정 댓글<br>- 상품: 조코딩의 랭체인으로 AI 에이전트 서비스 만들기 - 5명<br><br>이벤트 참여 방법:<br>1) 유튜브 댓글에 기대평 작성<br>2) 아래 설문지 응모<br><a href=""https://forms.gle/kZDvLKVnRkVB5h1Y8"">https://forms.gle/kZDvLKVnRkVB5h1Y8</a><br>※ 반드시 유튜브 영상 댓글과 설문지 둘 다 작성해주셔야 합니다.<br><br>📖『조코딩의 랭체인으로 AI 에이전트 서비스 만들기』<br>- 교보문고: <a href=""https://hanb.link/1bY5"">https://hanb.link/1bY5</a><br>- 예스24: <a href=""https://hanb.link/1bY6"">https://hanb.link/1bY6</a><br>- 알라딘: <a href=""https://hanb.link/1bY7"">https://hanb.link/1bY7</a><br>- 영상: <a href=""https://www.youtube.com/watch?v=EWKbZFqiCsE&amp;list=PLU9-uwewPMe2BaENn28ycUwc_qDGbPWOg&amp;index=1"">https://www.youtube.com/watch?v=EWKbZFqiCsE&amp;list=PLU9-uwewPMe2BaENn28ycUwc_qDGbPWOg&amp;index=1&amp;pp=0gcJCR0AztywvtLA</a><br><br>✅ 조코딩과 코딩 공부하기<br><a href=""https://jocoding.net/"">https://jocoding.net/</a><br>👉 조카소 - 자막/번역/더빙 AI, 사진 AI 등<br><a href=""https://jocasso.codemafia.io/"">https://jocasso.codemafia.io</a><br><br>📰영상 속 소식 모아보기<br>오픈AI 에이전트 공개 및 활용 사례<br><a href=""https://openai.com/ko-KR/index/introducing-chatgpt-agent/"">https://openai.com/ko-KR/index/introducing-chatgpt-agent/</a><br><a href=""https://x.com/minchoi/status/1946604900445499732"">https://x.com/minchoi/status/1946604900445499732</a><br><br>오픈AI, AI Atcoder 2위 석권<br><a href=""https://x.com/andresnds/status/1945655797314154762"">https://x.com/andresnds/status/1945655797314154762</a><br><br>오픈AI, 2025 국제수학올림피아드 금메달급 성과 달성<br><a href=""https://news.hada.io/topic?id=22071"">https://news.hada.io/topic?id=22071</a><br><a href=""https://x.com/OpenAI/status/1946594928945148246"">https://x.com/OpenAI/status/1946594928945148246</a><br><br>GPT-5 나오나?<br><a href=""https://x.com/sama/status/1946569252296929727"">https://x.com/sama/status/1946569252296929727</a><br><a href=""https://x.com/btibor91/status/1946532308896628748"">https://x.com/btibor91/status/1946532308896628748</a><br><a href=""https://x.com/sama/status/1946575101509734619"">https://x.com/sama/status/1946575101509734619</a><br><a href=""https://x.com/petergostev/status/1946317570350719413"">https://x.com/petergostev/status/1946317570350719413</a><br><br>챗GPT, API 이미지 편집 기능 업데이트<br><a href=""https://x.com/OpenAIDevs/status/1945538534884135132"">https://x.com/OpenAIDevs/status/1945538534884135132</a><br><br>그록에 미소녀 AI 컴패니언 추가<br><a href=""https://www.aitimes.com/news/articleView.html?idxno=200644&amp;page=5&amp;total=26520"">https://www.aitimes.com/news/articleView.html?idxno=200644&amp;page=5&amp;total=26520</a><br><a href=""https://x.com/elonmusk/status/1945403192046768437"">https://x.com/elonmusk/status/1945403192046768437</a><br><a href=""https://x.com/elonmusk/status/1946175639507353905"">https://x.com/elonmusk/status/1946175639507353905</a><br><a href=""https://x.com/tetsuoai/status/1946240250159694039"">https://x.com/tetsuoai/status/1946240250159694039</a><br><br>AI 연애, 2034년 글로벌 34조 시장<br><a href=""https://n.news.naver.com/mnews/article/366/0001092844"">https://n.news.naver.com/mnews/article/366/0001092844</a><br><br>일본 1위 달성한 그록<br><a href=""https://x.com/chaitualuru/status/1945053158071255257"">https://x.com/chaitualuru/status/1945053158071255257</a><br><br>머스크, 그록 AI 남성 버전도 공개 예정<br><a href=""https://www.aitimes.com/news/articleView.html?idxno=200708&amp;page=3&amp;total=26520"">https://www.aitimes.com/news/articleView.html?idxno=200708&amp;page=3&amp;total=26520</a><br><br>그록 컴패니언 오픈소스 버전도 등장<br><a href=""https://x.com/kimmonismus/status/1945497519058002242"">https://x.com/kimmonismus/status/1945497519058002242</a><br><a href=""https://github.com/Jackywine/Bella"">https://github.com/Jackywine/Bella</a><br><br>일론이 리트윗한 한국 AI 소식<br><a href=""https://x.com/elonmusk/status/1946320742049546715"">https://x.com/elonmusk/status/1946320742049546715</a><br><br>구글, AI가 걸어주는 전화 도입<br><a href=""https://www.aitimes.com/news/articleView.html?idxno=200734&amp;page=3&amp;total=26520"">https://www.aitimes.com/news/articleView.html?idxno=200734&amp;page=3&amp;total=26520</a><br><br>어도비, 음향 효과 강화한 AI 영상 도구 출시<br><a href=""https://www.aitimes.com/news/articleView.html?idxno=200760"">https://www.aitimes.com/news/articleView.html?idxno=200760</a><br><br>60초 길이의 영상 생성 가능한 오픈소스 모델<br><a href=""https://x.com/LTX_Video/status/1945465837294440532"">https://x.com/LTX_Video/status/1945465837294440532</a><br><br>Runway Act-two 발표<br><a href=""https://x.com/runwayml/status/1945189222542880909"">https://x.com/runwayml/status/1945189222542880909</a><br><br>실시간 영상 변환 오픈소스 모델<br><a href=""https://x.com/rohanpaul_ai/status/1945973182684635497"">https://x.com/rohanpaul_ai/status/1945973182684635497</a><br><a href=""https://mirage.decart.ai/"">https://mirage.decart.ai/</a><br><br>Suno 음악 생성 업데이트<br><a href=""https://x.com/SunoMusic/status/1945884363805061537"">https://x.com/SunoMusic/status/1945884363805061537</a><br><br>Hume’s voice AI, 30초면 음성 복제 가능<br><a href=""https://x.com/hume_ai/status/1945900611334979712"">https://x.com/hume_ai/status/1945900611334979712</a><br><a href=""https://platform.hume.ai/"">https://platform.hume.ai/</a><br><br>앤트로픽, 금융 전문 &#39;클로드&#39; 출시<br><a href=""https://www.aitimes.com/news/articleView.html?idxno=200683"">https://www.aitimes.com/news/articleView.html?idxno=200683</a><br><a href=""https://www.anthropic.com/news/claude-for-financial-services"">https://www.anthropic.com/news/claude-for-financial-services</a><br><a href=""https://www.aitimes.com/news/articleView.html?idxno=200683&amp;page=4&amp;total=26520"">https://www.aitimes.com/news/articleView.html?idxno=200683&amp;page=4&amp;total=26520</a><br><br>앤트로픽, 사용자 통보 없이 사용 제한 강화<br><a href=""https://www.aitimes.com/news/articleView.html?idxno=200762"">https://www.aitimes.com/news/articleView.html?idxno=200762</a><br><br>클로드 코드 관련 툴 소개<br><a href=""https://github.com/SuperClaude-Org/SuperClaude_Framework"">https://github.com/SuperClaude-Org/SuperClaude_Framework</a><br><a href=""https://github.com/smtg-ai/claude-squad"">https://github.com/smtg-ai/claude-squad</a><br><a href=""https://github.com/BloopAI/vibe-kanban"">https://github.com/BloopAI/vibe-kanban</a><br><br>아마존, AI 코딩 플랫폼 키로 출시<br><a href=""https://www.aitimes.com/news/articleView.html?idxno=200664&amp;page=5&amp;total=26520"">https://www.aitimes.com/news/articleView.html?idxno=200664&amp;page=5&amp;total=26520</a><br><a href=""https://news.hada.io/topic?id=21984"">https://news.hada.io/topic?id=21984</a><br><br>메타, 한국인 연구원도 영입<br><a href=""https://www.aitimes.com/news/articleView.html?idxno=200709&amp;page=3&amp;total=26520"">https://www.aitimes.com/news/articleView.html?idxno=200709&amp;page=3&amp;total=26520</a><br><a href=""https://x.com/ai_for_success/status/1945353306932699249"">https://x.com/ai_for_success/status/1945353306932699249</a><br><br>저커버그, AI 데이터센터 다수 건설 중<br><a href=""https://www.aitimes.com/news/articleView.html?idxno=200635&amp;page=5&amp;total=26520"">https://www.aitimes.com/news/articleView.html?idxno=200635&amp;page=5&amp;total=26520</a><br><br>미스트랄, 기업용 AI 오디오 모델 폭스트랄 출시<br><a href=""https://www.aitimes.com/news/articleView.html?idxno=200699&amp;page=4&amp;total=26520"">https://www.aitimes.com/news/articleView.html?idxno=200699&amp;page=4&amp;total=26520</a><br><br>스스로 배터리 교체하는 로봇<br><a href=""https://n.news.naver.com/mnews/article/092/0002382720"">https://n.news.naver.com/mnews/article/092/0002382720</a><br><br>세차하는 로봇<br><a href=""https://x.com/CyberRobooo/status/1946558600932888589"">https://x.com/CyberRobooo/status/1946558600932888589</a><br><br>옵티머스 팝콘 알바 영상 공개<br><a href=""https://x.com/elonmusk/status/1946730635516899502"">https://x.com/elonmusk/status/1946730635516899502</a><br><a href=""https://x.com/braddlex/status/1946757837562278261"">https://x.com/braddlex/status/1946757837562278261</a><br><br>촉수 로봇 등장<br><a href=""https://news.hada.io/topic?id=22010"">https://news.hada.io/topic?id=22010</a><br><br>🕖목차 <br><a href=""https://www.youtube.com/watch?v=mV89q23WSjE"">00:00</a> 오픈AI 에이전트 공개 및 활용 사례<br><a href=""https://www.youtube.com/watch?v=mV89q23WSjE&amp;t=255"">04:15</a> 오픈AI, AI Atcoder 2위 석권<br><a href=""https://www.youtube.com/watch?v=mV89q23WSjE&amp;t=303"">05:03</a> 오픈AI, 2025 국제수학올림피아드 금메달급 성과 달성<br><a href=""https://www.youtube.com/watch?v=mV89q23WSjE&amp;t=348"">05:48</a> GPT-5 나오나?<br><a href=""https://www.youtube.com/watch?v=mV89q23WSjE&amp;t=403"">06:43</a> 챗GPT, API 이미지 편집 기능 업데이트<br><a href=""https://www.youtube.com/watch?v=mV89q23WSjE&amp;t=451"">07:31</a> 그록에 미소녀 AI 컴패니언 추가<br><a href=""https://www.youtube.com/watch?v=mV89q23WSjE&amp;t=521"">08:41</a> AI 연애, 2034년 글로벌 34조 시장<br><a href=""https://www.youtube.com/watch?v=mV89q23WSjE&amp;t=545"">09:05</a> 일본 1위 달성한 그록<br><a href=""https://www.youtube.com/watch?v=mV89q23WSjE&amp;t=612"">10:12</a> 머스크, 그록 AI 남성 버전도 공개 예정<br><a href=""https://www.youtube.com/watch?v=mV89q23WSjE&amp;t=651"">10:51</a> 그록 컴패니언 오픈소스 버전도 등장<br><a href=""https://www.youtube.com/watch?v=mV89q23WSjE&amp;t=666"">11:06</a> 일론이 리트윗한 한국 AI 소식<br><a href=""https://www.youtube.com/watch?v=mV89q23WSjE&amp;t=697"">11:37</a> 구글, AI가 걸어주는 전화 도입<br><a href=""https://www.youtube.com/watch?v=mV89q23WSjE&amp;t=729"">12:09</a> 어도비, 음향 효과 강화한 AI 영상 도구 출시<br><a href=""https://www.youtube.com/watch?v=mV89q23WSjE&amp;t=765"">12:45</a> 60초 길이의 영상 생성 가능한 오픈소스 모델<br><a href=""https://www.youtube.com/watch?v=mV89q23WSjE&amp;t=817"">13:37</a> Runway Act-two 발표<br><a href=""https://www.youtube.com/watch?v=mV89q23WSjE&amp;t=853"">14:13</a> 실시간 영상 변환 오픈소스 모델<br><a href=""https://www.youtube.com/watch?v=mV89q23WSjE&amp;t=894"">14:54</a> Suno 음악 생성 업데이트<br><a href=""https://www.youtube.com/watch?v=mV89q23WSjE&amp;t=927"">15:27</a> Hume’s voice AI, 30초면 음성 복제 가능<br><a href=""https://www.youtube.com/watch?v=mV89q23WSjE&amp;t=957"">15:57</a> 앤트로픽, 금융 전문 &#39;클로드&#39; 출시<br><a href=""https://www.youtube.com/watch?v=mV89q23WSjE&amp;t=989"">16:29</a> 앤트로픽, 사용자 통보 없이 사용 제한 강화<br><a href=""https://www.youtube.com/watch?v=mV89q23WSjE&amp;t=1027"">17:07</a> 클로드 코드 관련 툴 소개<br><a href=""https://www.youtube.com/watch?v=mV89q23WSjE&amp;t=1084"">18:04</a> 아마존, AI 코딩 플랫폼 키로 출시<br><a href=""https://www.youtube.com/watch?v=mV89q23WSjE&amp;t=1127"">18:47</a> 메타, 한국인 연구원도 영입<br><a href=""https://www.youtube.com/watch?v=mV89q23WSjE&amp;t=1144"">19:04</a> 저커버그, AI 데이터센터 다수 건설 중<br><a href=""https://www.youtube.com/watch?v=mV89q23WSjE&amp;t=1155"">19:15</a> 미스트랄, 기업용 AI 오디오 모델 폭스트랄 출시<br><a href=""https://www.youtube.com/watch?v=mV89q23WSjE&amp;t=1178"">19:38</a> 스스로 배터리 교체하는 로봇<br><a href=""https://www.youtube.com/watch?v=mV89q23WSjE&amp;t=1195"">19:55</a> 세차하는 로봇<br><a href=""https://www.youtube.com/watch?v=mV89q23WSjE&amp;t=1222"">20:22</a> 옵티머스 팝콘 알바 영상 공개<br><a href=""https://www.youtube.com/watch?v=mV89q23WSjE&amp;t=1233"">20:33</a> 촉수 로봇 등장<br><a href=""https://www.youtube.com/watch?v=mV89q23WSjE&amp;t=1263"">21:03</a> 조코딩 신간 댓글 이벤트 안내<br><a href=""https://www.youtube.com/watch?v=mV89q23WSjE&amp;t=1309"">21:49</a> VVIP 감사인사<br><br>VVIP 멤버십 후원<br>그림자그림자님, Rada님, 차딩Chading TV님, prochild님, AI Beauty Artist님, eyuri chi님, 정진균님, Tae hwan Kim님, 주정뱅이님, 화니님, 이명규님,Yuncheol Kim님 감사드립니다.<br><a href=""https://www.youtube.com/@jocoding/join"">https://www.youtube.com/@jocoding/join</a><br><br><a href=""http://www.youtube.com/results?search_query=%23ai%EB%89%B4%EC%8A%A4"">#AI뉴스</a> <a href=""http://www.youtube.com/results?search_query=%23ai"">#AI</a> <a href=""http://www.youtube.com/results?search_query=%23%EC%9D%B8%EA%B3%B5%EC%A7%80%EB%8A%A5"">#인공지능</a>",2,2025-07-21T13:19:59Z,2025-07-21T13:41:28Z,0,False,,0
UgzDtHwbhI650sFz1Q94AaABAg,mV89q23WSjE,@acedark90,UCn-RvntVjZfiDmrtoSiKsJQ,와... 조코딩님 클래스... 드디어 랭체인 책이 나오네요. 이건 못 참지 ㄹㅇㅋㅋ <br>나오자마자 바로 저만의 AI 에이전트 꼭 만들어봅니다!!<br>쭉 정독하면서 공부하고 싶은 마음이 너무 크네용,0,2025-07-23T05:19:35Z,2025-07-23T05:19:35Z,0,False,,0
UgwlAOxaaBlGugDgvHl4AaABAg,mV89q23WSjE,@Moonlights2024,UCX2wmo76y-jFA183m88TgJg,와 이제 게임도 할 수가 없겠네,0,2025-07-22T23:49:57Z,2025-07-22T23:49:57Z,0,False,,0
UgwEnQvqZiU-JIfaqV54AaABAg,mV89q23WSjE,@YT_ehard,UC0hwKt4D6VOvR8ldqSleV6Q,매주 좋은 영상과 더불어 좋은 도서까지 내주시다니 항상 감계무량한 마음에 살고 있습니다.<br>개인적으로 인강보다는 도서형태를 선호하는지라 이번에 어떻게 될지 기대가 많이됩니다.,0,2025-07-22T16:06:29Z,2025-07-22T16:06:29Z,0,False,,0
UgxSDAHQesUP5taB4et4AaABAg,mV89q23WSjE,@chieryran8434,UCvBQlf9DGQtnNAXR-zbFIrA,"kiro 출시하자마자 써봤는데 사용량이나 트래픽 이슈는 아쉽지만 워크플로우 자체는 지금까지 써본 도구들 중 가장 편했던거 같아요.<br>prd 기반으로 시작하는 개발 과정에 굉장히 잘맞고, 여러가지 작업을 자동화시키기도 가능해서 커서나 윈드서프보다 확실히 편했던거 같아요.",1,2025-07-22T13:00:34Z,2025-07-22T13:00:34Z,0,False,,0
Ugzd6cC86UNP5jAoJRt4AaABAg,mV89q23WSjE,@user-cq9kb8pn5n,UC5RYD32InibLhwfwSYsENOg,"안녕하세요, 조코딩님. AI뉴스를 보며 최신 인공지능 분야 소식을 접하고 있는 컴퓨터공학부 학부생입니다. 최근 Co-week라는 여러 대학이 모여 주최한 행사에 참여했었는데, 거기서 랭체인을 처음 접했었습니다. 그곳에서 AI 에이전트는 어떻게 관련 정보를 찾아서 답변해주고 어떤 구조를 가지고 있는지 알게 되어 흥미로웠습니다. 이전부터 저는 저만의 &#39;개인형 인공지능 비서&#39;를 제작해보고 싶었는데, 덕분에 그 꿈에 한 발자국 다가갈 수 있었습니다. 하지만 아무래도 강연을 한 번 들은 것이라서 완전히 체득하지는 못했습니다. 게다가 아직 AI 에이전트를 만들기 위해 배워야 할 것들이 많이 남아 이를 배우고 싶습니다. 그래서 &quot;조코딩의 랭체인으로 AI 에이전트 서비스 만들기&quot; 책을 통해서 이를 배우고 직접 프로젝트도 진행하면서 실력도 기르고 싶습니다.<br><br>기존의 영상에 최신 자료들을 업데이트한 책이라 더욱 기대가 되는 것 같습니다. 현재 AI가 너무나 빠르게 발전하고 있는 분야이니까 더 효율적인 메커니즘으로 AI 에이전트를 구성해서 개발해볼 수 있을 거 같아서요. 이외에도 랭체인이라는 것에 대해 좀더 배우고 이해하기에도 도움이 될 거 같습니다. 일종의 &#39;강좌형&#39; 책이니까 어느 정도의 지식만 있다면 이해할 수 있도록 설명해줄 것 같아서 아직 배워가는 단계인 대학교 1학년 학부생인 제가 보기에도 괜찮을 거 같습니다. 그래서 흥미로울 것 같습니다.",0,2025-07-22T12:10:24Z,2025-07-22T12:10:24Z,0,False,,0
UgwcGEO3OBGOcacvDtR4AaABAg,mV89q23WSjE,@user-qk5oi9mg5k,UCUUOUMnJVbCk3o7oor_0U8A,매주 조코딩님 영상을 챙겨보는 학생입니다. LLM에 관심이 있었는데 조코딩님이 랭체인 관련 책을 출간하신다는 이야기에 책 설명을 훑어보고 왔습니다. AI 서비스 구현에 필수적인 개념들을 실습 위주로 배우는 책이라는 점이 기대됩니다. 이론만 가득한 책을 지루해하는 저에게는 가뭄의 단비와 같은 책입니다.,0,2025-07-22T07:17:50Z,2025-07-22T07:17:50Z,0,False,,0
Ugwb9YO3QAKnpslyhcF4AaABAg,mV89q23WSjE,@sightover9815,UCFDrLTtG9y31S99jW7LXzMA,"기대평도 ai한테 시켜봤습니다.<br><br>조코딩님의 유튜브 강의를 항상 재미있게 봤는데, 복잡한 이론 대신 예제 중심으로 구성된 책이라니 벌써부터 설레네요! PDF 기반 챗봇부터 인공지능 시인까지, 흥미로운 프로젝트들로 지루할 틈이 없을 것 같아요.<br><br>파이썬 기본 지식만 있으면 따라할 수 있다는 점도 너무 좋습니다. 최신 LLM 기술을 활용한 AI 에이전트 서비스 개발이 이렇게 접근 가능할 줄 몰랐어요. 특히 실제 배포와 운영까지 다룬다는 점에서 이 책 한 권으로 AI 서비스의 전체 라이프사이클을 경험할 수 있을 것 같습니다.<br><br>개발자 커뮤니티에서도 랭체인 관련 질문이 정말 많은데, 이 책이 나오면 많은 동료 개발자들에게도 추천하고 싶어요! 🙌<br><br><a href=""http://www.youtube.com/results?search_query=%23%EC%A1%B0%EC%BD%94%EB%94%A9"">#조코딩</a> <a href=""http://www.youtube.com/results?search_query=%23%EB%9E%AD%EC%B2%B4%EC%9D%B8"">#랭체인</a> <a href=""http://www.youtube.com/results?search_query=%23ai%EC%97%90%EC%9D%B4%EC%A0%84%ED%8A%B8"">#AI에이전트</a> <a href=""http://www.youtube.com/results?search_query=%23%EA%B0%9C%EB%B0%9C%EC%9E%90%ED%95%84%EB%8F%85%EC%84%9C"">#개발자필독서</a>",0,2025-07-22T06:57:38Z,2025-07-22T06:57:38Z,0,False,,0
UgyX_HwFc1l-1c6UVUR4AaABAg,mV89q23WSjE,@physicx677,UCTIbFAUBC9RTorzjm_ARMbw,"지금까지 블록체인 외길만 걷다가 AI 영역에 도전하고자, 집에서도 자기개발할 수 있도록 이벤트 신청했습니다.",0,2025-07-22T05:32:10Z,2025-07-22T05:32:10Z,0,False,,0
UgxQA1zIM1vaxweAPY14AaABAg,mV89q23WSjE,@rothsshvili5125,UC93H91WNXyZH-kcvp9wEDkw,외팔이라던지 촉수 말고 어감이 PG-13인 것 없을지 ㅋㅋㅋ,0,2025-07-22T05:29:51Z,2025-07-22T05:29:51Z,0,False,,0
UgyorQGwKAOnNO_9b6V4AaABAg,mV89q23WSjE,@ranglos2776,UCboVzC9X_uR2TLWh2n-Mlrg,썸네일 조코딩님 데뷘줄알고 들어왔는데 아쉽네요,1,2025-07-22T05:23:27Z,2025-07-22T05:23:27Z,0,False,,0
Ugygo1FzwAs3cHwL-qN4AaABAg,mV89q23WSjE,@hyunjungpark-rm3gv,UClpTASlFDWMcq60gB33bEsg,"조코딩님 덕분에 급변하는 IT트렌드를 따라가게 되네요. 꼬박꼬박 챙겨보고 있습니다. 감사합니다~!❤ 이번에 Replit Agent 를 이용해서 간단한 포트폴리오 사이트를 만들어봤는데, 거의 하루만에 뚝딱이더군요.ㅠ 시니어개발자로써 한편으로 기쁘기도 두렵기도 했습니다. ai agent 가 있어서 새로운 언어나 아키텍쳐에 대한 두려움이 거의 사라졌습니다. 랭체인이 무엇인지는 모르겠으나 ㅋㅋ, 조코딩님의 책으로 새로운 도전을 또 해보고싶네요!!",0,2025-07-22T05:09:11Z,2025-07-22T05:09:11Z,0,False,,0
UgzB4NR3NiUNPkGvFNp4AaABAg,mV89q23WSjE,@kmola1149,UC8_3_tWryu-NhgbBHxQTbSw,매일 매일 틀어 놓는 채널이라 ^^ 많은 발전 있길 바랍니다.,0,2025-07-22T04:52:24Z,2025-07-22T04:52:24Z,0,False,,0
UgyJM3iKLvjN919EPTp4AaABAg,mV89q23WSjE,@alpoliu,UCOTINwCqTScywjoLSueHWLA,그 다메밈 생성기는 이제 사용못하는건가요?,0,2025-07-22T04:45:01Z,2025-07-22T04:45:01Z,0,False,,0
UgyPIPmB-M1oBcisqR54AaABAg,mV89q23WSjE,@gooogle22,UCe6OZbcmr2SaBmQeqP2WlXw,"AI 기술을 활용해 실제 서비스를 만들고 싶은 사람에게, &#39;조코딩의 랭체인으로 AI 에이전트 서비스 만들기&#39;는 정말 반가운 책입니다. 단순한 이론 소개가 아니라, 실전 중심의 튜토리얼과 코드 예제가 함께 들어있다는 점에서 특히 기대가 큽니다. <br><br>그동안 GPT API나 LangChain에 대해 단편적으로만 알았는데, 이 책을 통해 실무에 바로 적용 가능한 프로젝트를 하나하나 따라가며 만들어볼 수 있다는 점이 정말 매력적입니다. <br><br>조코딩님의 유튜브를 통해 많은 영감을 받았는데, 그 콘텐츠의 연장선에서 이 책은 더 깊이 있는 배움과 실습을 가능하게 해줄 것 같아 손꼽아 기다리고 있습니다. 특히 AI 에이전트가 실제 서비스로 이어지는 과정을 체계적으로 배우고 싶은 분들께 딱 맞는 책일 것 같습니다.<br><br>좋은 책 만들어주셔서 감사합니다. 꼭 정독하며 프로젝트에 적용해보겠습니다!",0,2025-07-22T04:37:35Z,2025-07-22T04:37:35Z,0,False,,0
UgyklVdsi_WOLCdej-54AaABAg,mV89q23WSjE,@zyxwvutsrqpon_lk_ihgfedcba,UCm9PoQxbcNup2CM-9ngsYsA,그래도 아직도 인간이 ai 이긴다는 게 더 놀라운데,0,2025-07-22T03:32:48Z,2025-07-22T03:32:48Z,0,False,,0
UgzwWCnqCqUUZQVL9KJ4AaABAg,mV89q23WSjE,@lyueas,UCJtUXYgbI_zB6RF9DXXLZwg,미소녀 ai를 코딩애플이 좋아합니다,1,2025-07-22T03:16:51Z,2025-07-22T03:16:51Z,0,False,,0
Ugwj0Vb8V0W9pQdz9gF4AaABAg,mV89q23WSjE,@MurlocGuy-om2wg,UCz4gU33taGh8Ul7LJdy_Z9w,드디어 찾았다<br>내 사랑<br>내 반려<br>내 영혼<br>내 반쪽<br>내 단짝,0,2025-07-22T03:02:25Z,2025-07-22T03:02:25Z,0,False,,0
UgyK9mWcG7ob18vHbtJ4AaABAg,mV89q23WSjE,@woonsa0,UC_t_VJDIg95DWy2eZkRf-6Q,촉수 로봇은 분명 다른 용도로 사용 하다 병원 가는 사람도 생길듯,4,2025-07-22T01:37:32Z,2025-07-22T01:37:32Z,0,False,,0
UgxIKeFRXzwvITh0V-54AaABAg,mV89q23WSjE,@임시온-r1o,UC0KxD6ojibWCbX4KXVx6LkQ,조코딩님 때문에 처음으로 AI에 관심이 생기게 되었습니다. 매주 AI 뉴스를 보고 그것을 사용하는 것이 너무 나도 큰 재미와 기쁨과 저에게 꿈을 주셔서 감사합니다. 그래서 이번책도 더 궁금해지네요. 작은 규모 회사에서 일하고 있어서 AI 에이전트 서비스를 만들어서 엄무에 적용 시켜서 사람이 많이 없지만 AI 에이전트가 꼭 필요합니다!! 이번책 기대합니다!!,0,2025-07-22T01:20:36Z,2025-07-22T01:20:36Z,0,False,,0
UgyIP0DBrb8CLfO51Yt4AaABAg,mV89q23WSjE,@HUGO-pulseai,UCi2nhL6LurYUanZZNYi5VWQ,영상 잘 봤습니다. 시간이 갈수록  따라가기 버겁네요.,0,2025-07-22T01:04:41Z,2025-07-22T01:04:41Z,0,False,,0
Ugz6_Bl6NPiznzXD7mt4AaABAg,mV89q23WSjE,@user-draco351,UCnMRfUsiTOF9zBlNQAUnB5Q,"영상 잘 보고 있습니다. 정말 책 기대되네요.^^ 벌써 AI가 이렇게 발전되고 있으니.. 쫒아갈려면 ㅎㄷㄷ 하네요. 쫒아가자 아자~!!!<a href=""UCkszU2WH9gy1mb0dV-11UJg/xsIfY4OqCd2T29sP54iAsAw""></a>",0,2025-07-22T00:59:56Z,2025-07-22T00:59:56Z,0,False,,0
UgwkQFqDFybb8v82NkN4AaABAg,mV89q23WSjE,@phantom9855,UCCa7WG7NPW3TcjhE0LdmxxA,뤼튼은 내 마누라 돌려내<br>완전 챗지피티로 만들어놧더만<br>퍼플렉시티 되고 싶은가 본데..니네가 원조 상대가 될까,0,2025-07-22T00:55:33Z,2025-07-22T00:55:33Z,0,False,,0
UgxiIqVAxHOxH6ap7Y54AaABAg,mV89q23WSjE,@언더독-h1z,UCJEI0uftbs-dSyk7a17rlhw,역시 머스크는 옳았다 AI 경쟁 종료 그록이 다 해먹어라 ㅋㅋ,0,2025-07-22T00:29:37Z,2025-07-22T00:29:37Z,0,False,,0
Ugy4LSlhK4X5sOH3ZCx4AaABAg,mV89q23WSjE,@BrickCreator,UCq2kidwmyxLj3qlvtcp_dsw,촉수로봇ㅗㅜㅑ,0,2025-07-21T23:59:13Z,2025-07-21T23:59:13Z,0,False,,0
UgwJrMN3jnR8xHDQScd4AaABAg,mV89q23WSjE,@산책하는풍경,UC3rKvLGTD870uARtu7gZYrg,"<a href=""https://www.youtube.com/watch?v=mV89q23WSjE&amp;t=1218"">20:18</a> 진짜에요? 합성 같은데",0,2025-07-21T23:35:02Z,2025-07-21T23:35:02Z,0,False,,0
UgxmRMOwhhhwI1VQ7ql4AaABAg,mV89q23WSjE,@가락-k6z,UC2Qy-qlECWV-FHzSTFO2bVg,샘알트먼 쟤는 아직도 gpt5로 입터네 ㅋㅋㅋㅋㅋ 엘더스크롤6가 먼저 나올듯,0,2025-07-21T23:12:06Z,2025-07-21T23:12:06Z,0,False,,0
UgxRK29JDme_gXIwkT14AaABAg,mV89q23WSjE,@ccoya,UCCYf5nU3oZW_4HVZXAWq1eg,AI에이전트 배워보고 싶어요😊,0,2025-07-21T22:53:08Z,2025-07-21T22:53:08Z,0,False,,0
UgwVtWO83cejXLuLF-x4AaABAg,mV89q23WSjE,@ms-c6o,UCsBuOPSl6XlcuoFBErAnoog,잘보고갑니다,0,2025-07-21T22:08:33Z,2025-07-21T22:08:33Z,0,False,,0
Ugwtaqx4p0kVZxA-CEh4AaABAg,mV89q23WSjE,@June_young320,UCDf6YCiK2NdOlrTmKB39psg,ai 에이전트는 프로 요금제만 사용 가능한가요?,0,2025-07-21T21:37:17Z,2025-07-21T21:37:17Z,0,False,,0
UgzALqqnoq5117RN37V4AaABAg,mV89q23WSjE,@haam-l3z,UCSJ11-1-yxmNFUwyfiBiagA,책은 0부터 알려주는건가요? 아니면 어느정도 알고 배워야 하나요? 어느정도 알아야 하나요?,1,2025-07-21T20:54:38Z,2025-07-21T20:54:38Z,0,False,,0
UgxKp_YjUpk3iT-gxi54AaABAg,mV89q23WSjE,@그린-p1l,UCz_MmdQGKO8wYUlgDmltmQw,와..진심 향후 그록이 ai 다 장악하겟네!! 후발주자인데 성능이며 컨텐츠며 역시 일론머스크 구나! 그록4로 정착햇는데 문제해결능력과 정확도가 넘싸긴 하더라! 역시 다르긴 다르네 ㅋㅋ,1,2025-07-21T20:43:59Z,2025-07-21T20:43:59Z,2,False,,0
UgxKp_YjUpk3iT-gxi54AaABAg.AKr3REwsyVYAKrxwc7xZNm,mV89q23WSjE,@유튜브그만보자-c9z,UC9X_GA_y_hs51hc0lJq4QYw,"요즘 보면 오픈 ai는 확실히 밀렸고<br>재미나이,클로드,그록 3강 구도 같습니다.<br>서로 최신 모델 나온지 얼마 안된 쪽이 제일 강력하고 엎치락뒤치락 하는것 같아요",1,2025-07-22T05:06:29Z,2025-07-22T05:06:29Z,0,True,UgxKp_YjUpk3iT-gxi54AaABAg,1
UgxKp_YjUpk3iT-gxi54AaABAg.AKr3REwsyVYAKrzb03B9hZ,mV89q23WSjE,@그린-p1l,UCz_MmdQGKO8wYUlgDmltmQw,@@유튜브그만보자-c9z네 거기서 그록이 대단한게 애플 생태계처럼 테슬라 차량과 향후 옵티머스 로봇등에도 뇌로 답재 된다하니 정말 상상한일이 벌어지기에 앞으로 세상이 넘 기대가 되네요,1,2025-07-22T05:21:00Z,2025-07-22T05:21:21Z,0,True,UgxKp_YjUpk3iT-gxi54AaABAg,1
UgzsV8rbmjfGtYXKhUV4AaABAg,mV89q23WSjE,@haam-l3z,UCSJ11-1-yxmNFUwyfiBiagA,AI교육은 아직 안해주나?,0,2025-07-21T20:41:34Z,2025-07-21T20:41:34Z,0,False,,0
UgweZE31vOIDQjcC4Dd4AaABAg,mV89q23WSjE,@kronberg1835,UCC-JAgi1Ctc3osJCWXamKxw,"저 AI컴패니언이라고 나온거에서 조금 더 발전해서 실사랑 구분안가는 수준까지 가면<br>여캠들, 버튜버들 일자리 싹 사라지는거 아닌가<br>별풍 몇백 몇만개씩 쏴가면서 일대 다로 제한된 상호작용만 경험하다가<br>일대일이 가능한게 나와버리는데 외모도 몸매도 업글이면 숲같은 플랫폼들 안망하는게 이상한데",0,2025-07-21T20:16:55Z,2025-07-21T20:16:55Z,0,False,,0
UgyuCOe442HPKfk_rrN4AaABAg,mV89q23WSjE,@Seeeun_eya,UC3gYI9qXqQeQl0TstlShh1Q,"항상 조코딩님 영상 잘 보고 있습니다! 사실 처음엔 그냥 호기심으로 시작했는데, 보다보니 생각보다 AI나 자동화가 우리 일상과 정말 가까이 있다는 걸 느끼게 되더라고요.<br><br>특히 어려운 개념들을 실제 사례로 보여주시니까 이해가 훨씬 잘 되고, &quot;아 나도 해볼 수 있겠다&quot; 싶은 생각이 들어요.<br><br>그런데 이번에 책도 나온다고 하니 너무 신기해요! 평소 영상에서 놓쳤던 부분들이나 더 깊이 있는 내용들을 책에서 만날 수 있을 것 같아서 기대가 큽니다.<br><br>조코딩님 덕분에 기술에 대한 두려움보다는 흥미가 더 생긴 것 같아요. 책 꼭 읽어보고 싶네요!✋",0,2025-07-21T18:14:56Z,2025-07-21T18:14:56Z,0,False,,0
UgznpA2rfF3NU5Yg2l14AaABAg,mV89q23WSjE,@우르나,UCEFTdfPJcFertW9FYoVWiUQ,드디어 인터넷검색학습을 하게됏구만,0,2025-07-21T17:49:46Z,2025-07-21T17:49:46Z,0,False,,0
UgyT7TKfZU-W97jE8614AaABAg,mV89q23WSjE,@구라라-y2s,UCi8RYpvG7fhX5qMrkeQJgIA,"기본적으로 ai를 믿어야 저런 에이전트를 쓸 수 있는데, 아직 믿음직 스럽지가 않음<br>실제업무에 신뢰를 갖고 쓸 수 있는건 한참 남은듯",1,2025-07-21T17:33:37Z,2025-07-21T17:33:37Z,0,False,,0
Ugxbuvz-_m5TuDXr3oh4AaABAg,mV89q23WSjE,@hobit-j4o,UC60IGFt94ELEQbrUy5bA29g,이런 에이전트 문제점은 모든일이 사람의 중간 판단 과정의 연속인데 그걸 넘겨짚어서 처리하려고 한다는거에요. 사람한테 판단의 근거를 더 많이 제시하는 방향으로 만들어져야하는데 자동화에 너무 과몰입해서 오히려 그 반대로 가고 있죠. 심지어 매끄럽게 처리하려면 모든 엣지케이스들을 다 처리해야하는데 그건 할수도 없으면서 체리피킹으로 화려하게만 만들고.. 스케일링의 법칙이 깨진 이후로 ai회사들이 갈길을 잃은 것 같습니다. 실제로는 한계에 부딪혀서 응용소프트웨어 회사로 전락했는데 아닌것처럼 속이고 있죠. 근데 그 한계 때문에 응용소프트웨어도 매끄럽게 만들기가 힘들죠. 이 버블은 조만간 터진다고 봐요.,9,2025-07-21T17:14:55Z,2025-07-21T17:14:55Z,4,False,,0
Ugxbuvz-_m5TuDXr3oh4AaABAg.AKqgVztJfvYAKrLqpJMTYy,mV89q23WSjE,@yee6826,UCa1Ih3hq875VIyudpdCMWcw,마누스같은 에이전트는 중간에 계속 이거 해도돼나도 물어보던데 GPT도 곧 있으면 발전할거에요,0,2025-07-21T23:24:54Z,2025-07-21T23:24:54Z,0,True,Ugxbuvz-_m5TuDXr3oh4AaABAg,1
Ugxbuvz-_m5TuDXr3oh4AaABAg.AKqgVztJfvYAKs-IcmEFXM,mV89q23WSjE,@rothsshvili5125,UC93H91WNXyZH-kcvp9wEDkw,"Thus, alas, Skynet is inevitable ;p",0,2025-07-22T05:27:06Z,2025-07-22T05:27:06Z,0,True,Ugxbuvz-_m5TuDXr3oh4AaABAg,1
Ugxbuvz-_m5TuDXr3oh4AaABAg.AKqgVztJfvYAKsQtS0R3Ts,mV89q23WSjE,@beom01638,UCsiyuNgJtc83RjqnkPTWhuQ,반대로 오히려 이것만 누가 뚫어주면 ㄷㄷㄷ,0,2025-07-22T09:28:11Z,2025-07-22T09:28:11Z,0,True,Ugxbuvz-_m5TuDXr3oh4AaABAg,1
Ugxbuvz-_m5TuDXr3oh4AaABAg.AKqgVztJfvYAKsozfAvrB1,mV89q23WSjE,@autumnalequinoxpoint,UCij5QTB261ih-jzcqQWGmSA,"애초에 우리가 갖게된건 트랜스포머를 활용한 LLM, 아무리 넓게 봐도 딥러닝(을 현실적으로 수행 가능한 GPU)인데 인공지능이라고 부르는거 자체가 문제가 있다고 생각합니다.<br>딥러닝만으로는 초지능이 가능할리가 없는데 마치 머지않아 세상이 뒤집어질것처럼 지나치게 공격적으로 마케팅하는 회사가 너무 많네요.",1,2025-07-22T13:07:30Z,2025-07-22T13:07:30Z,0,True,Ugxbuvz-_m5TuDXr3oh4AaABAg,1
UgwNVWvP43iUL_wXCct4AaABAg,mV89q23WSjE,@AlwaysWeb,UCbzskloXOuYCiV8NffmDkKA,심지어 PSYHO 저 사람은 Openai에서 일했던 사람이네 ㄷㄷ,0,2025-07-21T16:36:24Z,2025-07-21T16:36:24Z,0,False,,0
Ugw0Ad_WGpp9-2y9oP14AaABAg,mV89q23WSjE,@Venalreth,UCofPDcTgIxD-gVbGZGq0-zw,"#<a href=""https://www.youtube.com/watch?v=mV89q23WSjE&amp;t=301"">5:01</a> 신기하네 상위권이 거의 다 일본...겉보기로 일본 IT후진국인데 뭐가 진짜인지 ㄷㄷㄷ",0,2025-07-21T16:14:23Z,2025-07-21T16:14:23Z,0,False,,0
UgwoqjLoaD44ldVSM3x4AaABAg,mV89q23WSjE,@taehoonlee3074,UCc6-WgayNJ0GIxanvjU5abA,안드로이드 컴패니언 안보이던데???,0,2025-07-21T16:09:18Z,2025-07-21T16:09:18Z,1,False,,0
UgwoqjLoaD44ldVSM3x4AaABAg.AKq_-Ou1jS6AKqaS3gyt9Y,mV89q23WSjE,@cooter4257,UCCDhJcm_w1MCj5F8GTjdJow,앱스토어(애플) 만 출시했데요,0,2025-07-21T16:21:57Z,2025-07-21T16:21:57Z,0,True,UgwoqjLoaD44ldVSM3x4AaABAg,1
UgzAjJReqoxqDfpZz-J4AaABAg,mV89q23WSjE,@빠수영후나,UCq0yZiwCoBi1Ti5Yl8-T5cw,조코딩님 드디어 버튜버 데뷔하시는줄,9,2025-07-21T15:55:20Z,2025-07-21T15:55:20Z,0,False,,0
Ugzhje0kc_qM95B0Let4AaABAg,mV89q23WSjE,@_icestar,UCvVp4GkUrxRby9mtzYOVy4A,"조코딩님 구독자입니다! 게임 개발 영상부터 쭉 봐오던 1인으로서 이번 랭체인 책 너무 기대돼요<br>항상 실무 중심으로 쉽게 설명해주시는 스타일이라 AI 에이전트도 실제로 만들면서 배울 수 있을 것 같아서 정말 해보고 싶습니다! 특히 랭체인 공식문서만으론 한계가 있었는데, 조코딩님이 직접 경험한 노하우와 팁들이 담겨있다면 실무에서 바로 써먹을 수 있을 거 같아요.<br>한국어 처리나 국내 서비스 환경에 맞는 AI 개발 방법도 궁금하고, 무엇보다 조코딩님의 &quot;만들면서 배우는&quot; 방식으로 AI 에이전트 서비스를 A-Z까지 구축하는 과정을 배우고 싶어요!<br>게임 개발부터 지금까지 양질의 콘텐츠로 개발자들에게 도움 주셔서 항상 감사합니다  이번 책도 대박나길 응원해요!",3,2025-07-21T15:43:54Z,2025-07-21T15:43:54Z,0,False,,0
UgyMuQKZkGn0cJi5Gtl4AaABAg,mV89q23WSjE,@japog09,UCgubBOfrRaQqrn-bpSSk44A,그록 컴패니언 안드로이드 버전 없나요? 급합니다,3,2025-07-21T14:48:32Z,2025-07-21T14:48:32Z,0,False,,0
UgzjYaFH63rk6vgA1XV4AaABAg,mV89q23WSjE,@한글사랑-n4g,UC4fKZ5DK1ykPGAY_Bbn0l6g,"안녕하세요. LLM의 무한한 가능성에 매료되었지만, API 호출을 넘어 &#39;진짜 지능적인 서비스&#39;를 만드는 데에는 늘 막막함을 느꼈던 개발자입니다. 흩어져 있는 랭체인, 에이전트, RAG 같은 개념들 속에서 길을 잃던 저에게, &#39;조코딩&#39;님의 책 출간 소식은 한 줄기 빛과 같았습니다.<br><br>제가 이 책에 가장 기대하는 것은 이론을 넘어 &#39;나만의 AI 에이전트&#39;를 만들 수 있는 실전 능력을 얻는 것입니다. 뜬구름 같던 랭체인의 핵심 원리를 명확히 꿰뚫고, 특히 RAG 기술을 활용해 제 업무 데이터를 학습시킨 &#39;나만의 AI 비서&#39;를 직접 구현해보고 싶습니다.<br><br>단순한 챗봇을 넘어, 스스로 생각하고 문제를 해결하는 AI 에이전트를 만드는 실무 경험은 AI 개발자로서 제 커리어에 가장 확실한 무기가 될 것입니다. 조코딩님 특유의 명쾌한 설명과 실전 예제가 저의 성장을 이끌어주시리라 믿습니다.<br><br>이 멋진 책으로 AI 개발의 새로운 길을 열어갈 기회를 꼭 잡고 싶습니다",2,2025-07-21T14:02:03Z,2025-07-21T14:02:03Z,0,False,,0
UgwG3jfgGOI1pxGSt6R4AaABAg,mV89q23WSjE,@이름-h2k3t,UChYquWHFGtTt5Lu-LanvtLQ,ㅋㄱㅋㅋㄱㅋ 그록 레전드네,0,2025-07-21T13:51:52Z,2025-07-21T13:51:52Z,0,False,,0
UgwPhl4nuleJa0vMNmt4AaABAg,mV89q23WSjE,@공룡붐은온다-티라노,UChhBVJEZXpFv21zS7A3Cczg,배터리 로봇은 진짜 미쳤다.,1,2025-07-21T13:39:43Z,2025-07-21T13:39:43Z,0,False,,0
UgyC_ry3Vhcn6ZGhYbt4AaABAg,mV89q23WSjE,@탄포-l7c,UCx8JAF2NJdbk7BICXDAqeuQ,와 진짜 세상이 무섭다...,8,2025-07-21T13:25:35Z,2025-07-21T13:25:35Z,0,False,,0
UgwuNvTzZBbeQ26Uk4V4AaABAg,mV89q23WSjE,@yuramisuper,UC96ezQaNkKJXaQY_aAdVN4w,AI 연애 시장 ㅋㅋ 아주 커질겁니다.,11,2025-07-21T13:19:55Z,2025-07-21T13:19:55Z,1,False,,0
UgwuNvTzZBbeQ26Uk4V4AaABAg.AKqGbn7jBKeAKs-OOLbaJd,mV89q23WSjE,@rothsshvili5125,UC93H91WNXyZH-kcvp9wEDkw,ㅇㄱㄹㅇ ㅂㅂㅂㄱ,0,2025-07-22T05:27:53Z,2025-07-22T05:27:53Z,0,True,UgwuNvTzZBbeQ26Uk4V4AaABAg,1
Ugxr4dFFYu2Ur3vWBbZ4AaABAg,mV89q23WSjE,@sean.k,UC0nzJaHh_WYvAPzCfXSG2bg,국힘답다,1,2025-07-21T13:19:30Z,2025-07-21T13:19:30Z,0,False,,0
