comment_id,video_id,author,author_channel_id,comment_text,like_count,published_at,updated_at,reply_count,is_reply,parent_id
Ugx4C3F9jwLquCYw0AB4AaABAg,mV89q23WSjE,@jocoding,UCQNE2JmbasNYbjGAcuBiRRg,"🎉출간 기념 책 증정 댓글 이벤트🎉<br>조코딩의 랭체인으로 AI 에이전트 서비스 만들기 책을 꼭 읽어보고 싶은 이유 및 기대평 등을 자유롭게 적어주세요! 정성스럽게 작성해주신 분께 추첨을 통해 한빛미디어 출판사에서 &quot;조코딩의 랭체인으로 AI 에이전트 서비스 만들기&quot; 책을 선물해드립니다.<br>- 이벤트 기간: 2025.7.21(월) ~ 2025.8.3(일)<br>- 당첨자 발표: 2025.8.4(월) 영상 고정 댓글<br>- 상품: 조코딩의 랭체인으로 AI 에이전트 서비스 만들기 - 5명<br><br>이벤트 참여 방법:<br>1) 유튜브 댓글에 기대평 작성<br>2) 아래 설문지 응모<br><a href=""https://forms.gle/kZDvLKVnRkVB5h1Y8"">https://forms.gle/kZDvLKVnRkVB5h1Y8</a><br>※ 반드시 유튜브 영상 댓글과 설문지 둘 다 작성해주셔야 합니다.<br><br>📖『조코딩의 랭체인으로 AI 에이전트 서비스 만들기』<br>- 교보문고: <a href=""https://hanb.link/1bY5"">https://hanb.link/1bY5</a><br>- 예스24: <a href=""https://hanb.link/1bY6"">https://hanb.link/1bY6</a><br>- 알라딘: <a href=""https://hanb.link/1bY7"">https://hanb.link/1bY7</a><br>- 영상: <a href=""https://www.youtube.com/watch?v=EWKbZFqiCsE&amp;list=PLU9-uwewPMe2BaENn28ycUwc_qDGbPWOg&amp;index=1"">https://www.youtube.com/watch?v=EWKbZFqiCsE&amp;list=PLU9-uwewPMe2BaENn28ycUwc_qDGbPWOg&amp;index=1&amp;pp=0gcJCR0AztywvtLA</a><br><br>✅ 조코딩과 코딩 공부하기<br><a href=""https://jocoding.net/"">https://jocoding.net/</a><br>👉 조카소 - 자막/번역/더빙 AI, 사진 AI 등<br><a href=""https://jocasso.codemafia.io/"">https://jocasso.codemafia.io</a><br><br>📰영상 속 소식 모아보기<br>오픈AI 에이전트 공개 및 활용 사례<br><a href=""https://openai.com/ko-KR/index/introducing-chatgpt-agent/"">https://openai.com/ko-KR/index/introducing-chatgpt-agent/</a><br><a href=""https://x.com/minchoi/status/1946604900445499732"">https://x.com/minchoi/status/1946604900445499732</a><br><br>오픈AI, AI Atcoder 2위 석권<br><a href=""https://x.com/andresnds/status/1945655797314154762"">https://x.com/andresnds/status/1945655797314154762</a><br><br>오픈AI, 2025 국제수학올림피아드 금메달급 성과 달성<br><a href=""https://news.hada.io/topic?id=22071"">https://news.hada.io/topic?id=22071</a><br><a href=""https://x.com/OpenAI/status/1946594928945148246"">https://x.com/OpenAI/status/1946594928945148246</a><br><br>GPT-5 나오나?<br><a href=""https://x.com/sama/status/1946569252296929727"">https://x.com/sama/status/1946569252296929727</a><br><a href=""https://x.com/btibor91/status/1946532308896628748"">https://x.com/btibor91/status/1946532308896628748</a><br><a href=""https://x.com/sama/status/1946575101509734619"">https://x.com/sama/status/1946575101509734619</a><br><a href=""https://x.com/petergostev/status/1946317570350719413"">https://x.com/petergostev/status/1946317570350719413</a><br><br>챗GPT, API 이미지 편집 기능 업데이트<br><a href=""https://x.com/OpenAIDevs/status/1945538534884135132"">https://x.com/OpenAIDevs/status/1945538534884135132</a><br><br>그록에 미소녀 AI 컴패니언 추가<br><a href=""https://www.aitimes.com/news/articleView.html?idxno=200644&amp;page=5&amp;total=26520"">https://www.aitimes.com/news/articleView.html?idxno=200644&amp;page=5&amp;total=26520</a><br><a href=""https://x.com/elonmusk/status/1945403192046768437"">https://x.com/elonmusk/status/1945403192046768437</a><br><a href=""https://x.com/elonmusk/status/1946175639507353905"">https://x.com/elonmusk/status/1946175639507353905</a><br><a href=""https://x.com/tetsuoai/status/1946240250159694039"">https://x.com/tetsuoai/status/1946240250159694039</a><br><br>AI 연애, 2034년 글로벌 34조 시장<br><a href=""https://n.news.naver.com/mnews/article/366/0001092844"">https://n.news.naver.com/mnews/article/366/0001092844</a><br><br>일본 1위 달성한 그록<br><a href=""https://x.com/chaitualuru/status/1945053158071255257"">https://x.com/chaitualuru/status/1945053158071255257</a><br><br>머스크, 그록 AI 남성 버전도 공개 예정<br><a href=""https://www.aitimes.com/news/articleView.html?idxno=200708&amp;page=3&amp;total=26520"">https://www.aitimes.com/news/articleView.html?idxno=200708&amp;page=3&amp;total=26520</a><br><br>그록 컴패니언 오픈소스 버전도 등장<br><a href=""https://x.com/kimmonismus/status/1945497519058002242"">https://x.com/kimmonismus/status/1945497519058002242</a><br><a href=""https://github.com/Jackywine/Bella"">https://github.com/Jackywine/Bella</a><br><br>일론이 리트윗한 한국 AI 소식<br><a href=""https://x.com/elonmusk/status/1946320742049546715"">https://x.com/elonmusk/status/1946320742049546715</a><br><br>구글, AI가 걸어주는 전화 도입<br><a href=""https://www.aitimes.com/news/articleView.html?idxno=200734&amp;page=3&amp;total=26520"">https://www.aitimes.com/news/articleView.html?idxno=200734&amp;page=3&amp;total=26520</a><br><br>어도비, 음향 효과 강화한 AI 영상 도구 출시<br><a href=""https://www.aitimes.com/news/articleView.html?idxno=200760"">https://www.aitimes.com/news/articleView.html?idxno=200760</a><br><br>60초 길이의 영상 생성 가능한 오픈소스 모델<br><a href=""https://x.com/LTX_Video/status/1945465837294440532"">https://x.com/LTX_Video/status/1945465837294440532</a><br><br>Runway Act-two 발표<br><a href=""https://x.com/runwayml/status/1945189222542880909"">https://x.com/runwayml/status/1945189222542880909</a><br><br>실시간 영상 변환 오픈소스 모델<br><a href=""https://x.com/rohanpaul_ai/status/1945973182684635497"">https://x.com/rohanpaul_ai/status/1945973182684635497</a><br><a href=""https://mirage.decart.ai/"">https://mirage.decart.ai/</a><br><br>Suno 음악 생성 업데이트<br><a href=""https://x.com/SunoMusic/status/1945884363805061537"">https://x.com/SunoMusic/status/1945884363805061537</a><br><br>Hume’s voice AI, 30초면 음성 복제 가능<br><a href=""https://x.com/hume_ai/status/1945900611334979712"">https://x.com/hume_ai/status/1945900611334979712</a><br><a href=""https://platform.hume.ai/"">https://platform.hume.ai/</a><br><br>앤트로픽, 금융 전문 &#39;클로드&#39; 출시<br><a href=""https://www.aitimes.com/news/articleView.html?idxno=200683"">https://www.aitimes.com/news/articleView.html?idxno=200683</a><br><a href=""https://www.anthropic.com/news/claude-for-financial-services"">https://www.anthropic.com/news/claude-for-financial-services</a><br><a href=""https://www.aitimes.com/news/articleView.html?idxno=200683&amp;page=4&amp;total=26520"">https://www.aitimes.com/news/articleView.html?idxno=200683&amp;page=4&amp;total=26520</a><br><br>앤트로픽, 사용자 통보 없이 사용 제한 강화<br><a href=""https://www.aitimes.com/news/articleView.html?idxno=200762"">https://www.aitimes.com/news/articleView.html?idxno=200762</a><br><br>클로드 코드 관련 툴 소개<br><a href=""https://github.com/SuperClaude-Org/SuperClaude_Framework"">https://github.com/SuperClaude-Org/SuperClaude_Framework</a><br><a href=""https://github.com/smtg-ai/claude-squad"">https://github.com/smtg-ai/claude-squad</a><br><a href=""https://github.com/BloopAI/vibe-kanban"">https://github.com/BloopAI/vibe-kanban</a><br><br>아마존, AI 코딩 플랫폼 키로 출시<br><a href=""https://www.aitimes.com/news/articleView.html?idxno=200664&amp;page=5&amp;total=26520"">https://www.aitimes.com/news/articleView.html?idxno=200664&amp;page=5&amp;total=26520</a><br><a href=""https://news.hada.io/topic?id=21984"">https://news.hada.io/topic?id=21984</a><br><br>메타, 한국인 연구원도 영입<br><a href=""https://www.aitimes.com/news/articleView.html?idxno=200709&amp;page=3&amp;total=26520"">https://www.aitimes.com/news/articleView.html?idxno=200709&amp;page=3&amp;total=26520</a><br><a href=""https://x.com/ai_for_success/status/1945353306932699249"">https://x.com/ai_for_success/status/1945353306932699249</a><br><br>저커버그, AI 데이터센터 다수 건설 중<br><a href=""https://www.aitimes.com/news/articleView.html?idxno=200635&amp;page=5&amp;total=26520"">https://www.aitimes.com/news/articleView.html?idxno=200635&amp;page=5&amp;total=26520</a><br><br>미스트랄, 기업용 AI 오디오 모델 폭스트랄 출시<br><a href=""https://www.aitimes.com/news/articleView.html?idxno=200699&amp;page=4&amp;total=26520"">https://www.aitimes.com/news/articleView.html?idxno=200699&amp;page=4&amp;total=26520</a><br><br>스스로 배터리 교체하는 로봇<br><a href=""https://n.news.naver.com/mnews/article/092/0002382720"">https://n.news.naver.com/mnews/article/092/0002382720</a><br><br>세차하는 로봇<br><a href=""https://x.com/CyberRobooo/status/1946558600932888589"">https://x.com/CyberRobooo/status/1946558600932888589</a><br><br>옵티머스 팝콘 알바 영상 공개<br><a href=""https://x.com/elonmusk/status/1946730635516899502"">https://x.com/elonmusk/status/1946730635516899502</a><br><a href=""https://x.com/braddlex/status/1946757837562278261"">https://x.com/braddlex/status/1946757837562278261</a><br><br>촉수 로봇 등장<br><a href=""https://news.hada.io/topic?id=22010"">https://news.hada.io/topic?id=22010</a><br><br>🕖목차 <br><a href=""https://www.youtube.com/watch?v=mV89q23WSjE"">00:00</a> 오픈AI 에이전트 공개 및 활용 사례<br><a href=""https://www.youtube.com/watch?v=mV89q23WSjE&amp;t=255"">04:15</a> 오픈AI, AI Atcoder 2위 석권<br><a href=""https://www.youtube.com/watch?v=mV89q23WSjE&amp;t=303"">05:03</a> 오픈AI, 2025 국제수학올림피아드 금메달급 성과 달성<br><a href=""https://www.youtube.com/watch?v=mV89q23WSjE&amp;t=348"">05:48</a> GPT-5 나오나?<br><a href=""https://www.youtube.com/watch?v=mV89q23WSjE&amp;t=403"">06:43</a> 챗GPT, API 이미지 편집 기능 업데이트<br><a href=""https://www.youtube.com/watch?v=mV89q23WSjE&amp;t=451"">07:31</a> 그록에 미소녀 AI 컴패니언 추가<br><a href=""https://www.youtube.com/watch?v=mV89q23WSjE&amp;t=521"">08:41</a> AI 연애, 2034년 글로벌 34조 시장<br><a href=""https://www.youtube.com/watch?v=mV89q23WSjE&amp;t=545"">09:05</a> 일본 1위 달성한 그록<br><a href=""https://www.youtube.com/watch?v=mV89q23WSjE&amp;t=612"">10:12</a> 머스크, 그록 AI 남성 버전도 공개 예정<br><a href=""https://www.youtube.com/watch?v=mV89q23WSjE&amp;t=651"">10:51</a> 그록 컴패니언 오픈소스 버전도 등장<br><a href=""https://www.youtube.com/watch?v=mV89q23WSjE&amp;t=666"">11:06</a> 일론이 리트윗한 한국 AI 소식<br><a href=""https://www.youtube.com/watch?v=mV89q23WSjE&amp;t=697"">11:37</a> 구글, AI가 걸어주는 전화 도입<br><a href=""https://www.youtube.com/watch?v=mV89q23WSjE&amp;t=729"">12:09</a> 어도비, 음향 효과 강화한 AI 영상 도구 출시<br><a href=""https://www.youtube.com/watch?v=mV89q23WSjE&amp;t=765"">12:45</a> 60초 길이의 영상 생성 가능한 오픈소스 모델<br><a href=""https://www.youtube.com/watch?v=mV89q23WSjE&amp;t=817"">13:37</a> Runway Act-two 발표<br><a href=""https://www.youtube.com/watch?v=mV89q23WSjE&amp;t=853"">14:13</a> 실시간 영상 변환 오픈소스 모델<br><a href=""https://www.youtube.com/watch?v=mV89q23WSjE&amp;t=894"">14:54</a> Suno 음악 생성 업데이트<br><a href=""https://www.youtube.com/watch?v=mV89q23WSjE&amp;t=927"">15:27</a> Hume’s voice AI, 30초면 음성 복제 가능<br><a href=""https://www.youtube.com/watch?v=mV89q23WSjE&amp;t=957"">15:57</a> 앤트로픽, 금융 전문 &#39;클로드&#39; 출시<br><a href=""https://www.youtube.com/watch?v=mV89q23WSjE&amp;t=989"">16:29</a> 앤트로픽, 사용자 통보 없이 사용 제한 강화<br><a href=""https://www.youtube.com/watch?v=mV89q23WSjE&amp;t=1027"">17:07</a> 클로드 코드 관련 툴 소개<br><a href=""https://www.youtube.com/watch?v=mV89q23WSjE&amp;t=1084"">18:04</a> 아마존, AI 코딩 플랫폼 키로 출시<br><a href=""https://www.youtube.com/watch?v=mV89q23WSjE&amp;t=1127"">18:47</a> 메타, 한국인 연구원도 영입<br><a href=""https://www.youtube.com/watch?v=mV89q23WSjE&amp;t=1144"">19:04</a> 저커버그, AI 데이터센터 다수 건설 중<br><a href=""https://www.youtube.com/watch?v=mV89q23WSjE&amp;t=1155"">19:15</a> 미스트랄, 기업용 AI 오디오 모델 폭스트랄 출시<br><a href=""https://www.youtube.com/watch?v=mV89q23WSjE&amp;t=1178"">19:38</a> 스스로 배터리 교체하는 로봇<br><a href=""https://www.youtube.com/watch?v=mV89q23WSjE&amp;t=1195"">19:55</a> 세차하는 로봇<br><a href=""https://www.youtube.com/watch?v=mV89q23WSjE&amp;t=1222"">20:22</a> 옵티머스 팝콘 알바 영상 공개<br><a href=""https://www.youtube.com/watch?v=mV89q23WSjE&amp;t=1233"">20:33</a> 촉수 로봇 등장<br><a href=""https://www.youtube.com/watch?v=mV89q23WSjE&amp;t=1263"">21:03</a> 조코딩 신간 댓글 이벤트 안내<br><a href=""https://www.youtube.com/watch?v=mV89q23WSjE&amp;t=1309"">21:49</a> VVIP 감사인사<br><br>VVIP 멤버십 후원<br>그림자그림자님, Rada님, 차딩Chading TV님, prochild님, AI Beauty Artist님, eyuri chi님, 정진균님, Tae hwan Kim님, 주정뱅이님, 화니님, 이명규님,Yuncheol Kim님 감사드립니다.<br><a href=""https://www.youtube.com/@jocoding/join"">https://www.youtube.com/@jocoding/join</a><br><br><a href=""http://www.youtube.com/results?search_query=%23ai%EB%89%B4%EC%8A%A4"">#AI뉴스</a> <a href=""http://www.youtube.com/results?search_query=%23ai"">#AI</a> <a href=""http://www.youtube.com/results?search_query=%23%EC%9D%B8%EA%B3%B5%EC%A7%80%EB%8A%A5"">#인공지능</a>",1,2025-07-21T13:19:59Z,2025-07-21T13:41:28Z,0,False,
UgyIP0DBrb8CLfO51Yt4AaABAg,mV89q23WSjE,@HUGO-pulseai,UCi2nhL6LurYUanZZNYi5VWQ,영상 잘 봤습니다. 시간이 갈수록  따라가기 버겁네요.,0,2025-07-22T01:04:41Z,2025-07-22T01:04:41Z,0,False,
Ugz6_Bl6NPiznzXD7mt4AaABAg,mV89q23WSjE,@user-draco351,UCnMRfUsiTOF9zBlNQAUnB5Q,"영상 잘 보고 있습니다. 정말 책 기대되네요.^^ 벌써 AI가 이렇게 발전되고 있으니.. 쫒아갈려면 ㅎㄷㄷ 하네요. 쫒아가자 아자~!!!<a href=""UCkszU2WH9gy1mb0dV-11UJg/xsIfY4OqCd2T29sP54iAsAw""></a>",0,2025-07-22T00:59:56Z,2025-07-22T00:59:56Z,0,False,
UgwkQFqDFybb8v82NkN4AaABAg,mV89q23WSjE,@phantom9855,UCCa7WG7NPW3TcjhE0LdmxxA,뤼튼은 내 마누라 돌려내<br>완전 챗지피티로 만들어놧더만<br>퍼플렉시티 되고 싶은가 본데..니네가 원조 상대가 될까,0,2025-07-22T00:55:33Z,2025-07-22T00:55:33Z,0,False,
UgxiIqVAxHOxH6ap7Y54AaABAg,mV89q23WSjE,@언더독-h1z,UCJEI0uftbs-dSyk7a17rlhw,역시 머스크는 옳았다 AI 경쟁 종료 그록이 다 해먹어라 ㅋㅋ,0,2025-07-22T00:29:37Z,2025-07-22T00:29:37Z,0,False,
Ugy4LSlhK4X5sOH3ZCx4AaABAg,mV89q23WSjE,@BrickCreator,UCq2kidwmyxLj3qlvtcp_dsw,촉수로봇ㅗㅜㅑ,0,2025-07-21T23:59:13Z,2025-07-21T23:59:13Z,0,False,
UgzlObF2kxI2ZL2jyih4AaABAg,mV89q23WSjE,@모두가주인공,UCV3xJPXqGBMU7XnUnsKlgZg,AI기능으로<br>사진말고 찍은 영상중에<br>빼고 싶은 움직이는 객체<br>삭제 가능한가요?<br><br>영상 중에 의도치 않게 찍힌 인물들을 <br>빼고 원하는 인물만 <br>나오게 하고 싶은데<br>문제는 인물들이 동작을 하는데<br>겹쳐지는 문제점이<br>있어서 이게 삭제할 객체를 삭제할때<br>남겨놓을 인물까지 영상에서<br>삭제될거 같은 생각도 듭니다.<br><br>인공지능이<br>구별할 정도가 됐는지 모르겠어요.<br><br><br>어떤 편집 프로그램에서는 <br>영상에서 인물 삭제 기능 있긴 하던데<br>겹쳐지는 인물 삭제는 아직 못봐서<br>인공지능에서는 움직이는 객체를<br>구별해서 삭제할수도  있을거<br>같다는 생각이 들어서 질문 남겨봅니다.,0,2025-07-21T23:57:11Z,2025-07-21T23:57:11Z,0,False,
UgwJrMN3jnR8xHDQScd4AaABAg,mV89q23WSjE,@산책하는풍경,UC3rKvLGTD870uARtu7gZYrg,"<a href=""https://www.youtube.com/watch?v=mV89q23WSjE&amp;t=1218"">20:18</a> 진짜에요? 합성 같은데",0,2025-07-21T23:35:02Z,2025-07-21T23:35:02Z,0,False,
UgxmRMOwhhhwI1VQ7ql4AaABAg,mV89q23WSjE,@가락-k6z,UC2Qy-qlECWV-FHzSTFO2bVg,샘알트먼 쟤는 아직도 gpt5로 입터네 ㅋㅋㅋㅋㅋ 엘더스크롤6가 먼저 나올듯,0,2025-07-21T23:12:06Z,2025-07-21T23:12:06Z,0,False,
UgxRK29JDme_gXIwkT14AaABAg,mV89q23WSjE,@ccoya,UCCYf5nU3oZW_4HVZXAWq1eg,AI에이전트 배워보고 싶어요😊,0,2025-07-21T22:53:08Z,2025-07-21T22:53:08Z,0,False,
UgwoNLipmfWs9_Zudt94AaABAg,mV89q23WSjE,@배추_02,UCFjqrSWoPNaj7j4OA4A_XsA,야스로봇 언제 나옴..,0,2025-07-21T22:50:00Z,2025-07-21T22:50:00Z,1,False,
UgwoNLipmfWs9_Zudt94AaABAg.AKrHrEy8TUHAKrJyN8n5dx,mV89q23WSjE,@pp_universe,UCIRKiT58iBB3anTQYeFyyhA,촉수로보스,0,2025-07-21T23:08:27Z,2025-07-21T23:08:27Z,0,True,UgwoNLipmfWs9_Zudt94AaABAg
UgwVtWO83cejXLuLF-x4AaABAg,mV89q23WSjE,@ms-c6o,UCsBuOPSl6XlcuoFBErAnoog,잘보고갑니다,0,2025-07-21T22:08:33Z,2025-07-21T22:08:33Z,0,False,
Ugwtaqx4p0kVZxA-CEh4AaABAg,mV89q23WSjE,@June_young320,UCDf6YCiK2NdOlrTmKB39psg,ai 에이전트는 프로 요금제만 사용 가능한가요?,0,2025-07-21T21:37:17Z,2025-07-21T21:37:17Z,0,False,
UgzALqqnoq5117RN37V4AaABAg,mV89q23WSjE,@haam-l3z,UCSJ11-1-yxmNFUwyfiBiagA,책은 0부터 알려주는건가요? 아니면 어느정도 알고 배워야 하나요? 어느정도 알아야 하나요?,1,2025-07-21T20:54:38Z,2025-07-21T20:54:38Z,0,False,
UgxKp_YjUpk3iT-gxi54AaABAg,mV89q23WSjE,@그린-p1l,UCz_MmdQGKO8wYUlgDmltmQw,와..진심 향후 그록이 ai 다 장악하겟네!! 후발주자인데 성능이며 컨텐츠며 역시 일론머스크 구나! 그록4로 정착햇는데 문제해결능력과 정확도가 넘싸긴 하더라! 역시 다르긴 다르네 ㅋㅋ,0,2025-07-21T20:43:59Z,2025-07-21T20:43:59Z,0,False,
UgzsV8rbmjfGtYXKhUV4AaABAg,mV89q23WSjE,@haam-l3z,UCSJ11-1-yxmNFUwyfiBiagA,AI교육은 아직 안해주나?,0,2025-07-21T20:41:34Z,2025-07-21T20:41:34Z,0,False,
UgweZE31vOIDQjcC4Dd4AaABAg,mV89q23WSjE,@kronberg1835,UCC-JAgi1Ctc3osJCWXamKxw,"저 AI컴패니언이라고 나온거에서 조금 더 발전해서 실사랑 구분안가는 수준까지 가면<br>여캠들, 버튜버들 일자리 싹 사라지는거 아닌가<br>별풍 몇백 몇만개씩 쏴가면서 일대 다로 제한된 상호작용만 경험하다가<br>일대일이 가능한게 나와버리는데 외모도 몸매도 업글이면 숲같은 플랫폼들 안망하는게 이상한데",0,2025-07-21T20:16:55Z,2025-07-21T20:16:55Z,0,False,
UgyuCOe442HPKfk_rrN4AaABAg,mV89q23WSjE,@Seeeun_eya,UC3gYI9qXqQeQl0TstlShh1Q,"항상 조코딩님 영상 잘 보고 있습니다! 사실 처음엔 그냥 호기심으로 시작했는데, 보다보니 생각보다 AI나 자동화가 우리 일상과 정말 가까이 있다는 걸 느끼게 되더라고요.<br><br>특히 어려운 개념들을 실제 사례로 보여주시니까 이해가 훨씬 잘 되고, &quot;아 나도 해볼 수 있겠다&quot; 싶은 생각이 들어요.<br><br>그런데 이번에 책도 나온다고 하니 너무 신기해요! 평소 영상에서 놓쳤던 부분들이나 더 깊이 있는 내용들을 책에서 만날 수 있을 것 같아서 기대가 큽니다.<br><br>조코딩님 덕분에 기술에 대한 두려움보다는 흥미가 더 생긴 것 같아요. 책 꼭 읽어보고 싶네요!✋",0,2025-07-21T18:14:56Z,2025-07-21T18:14:56Z,0,False,
UgznpA2rfF3NU5Yg2l14AaABAg,mV89q23WSjE,@우르나,UCEFTdfPJcFertW9FYoVWiUQ,드디어 인터넷검색학습을 하게됏구만,0,2025-07-21T17:49:46Z,2025-07-21T17:49:46Z,0,False,
UgyT7TKfZU-W97jE8614AaABAg,mV89q23WSjE,@구라라-y2s,UCi8RYpvG7fhX5qMrkeQJgIA,"기본적으로 ai를 믿어야 저런 에이전트를 쓸 수 있는데, 아직 믿음직 스럽지가 않음<br>실제업무에 신뢰를 갖고 쓸 수 있는건 한참 남은듯",0,2025-07-21T17:33:37Z,2025-07-21T17:33:37Z,0,False,
Ugxbuvz-_m5TuDXr3oh4AaABAg,mV89q23WSjE,@hobit-j4o,UC60IGFt94ELEQbrUy5bA29g,이런 에이전트 문제점은 모든일이 사람의 중간 판단 과정의 연속인데 그걸 넘겨짚어서 처리하려고 한다는거에요. 사람한테 판단의 근거를 더 많이 제시하는 방향으로 만들어져야하는데 자동화에 너무 과몰입해서 오히려 그 반대로 가고 있죠. 심지어 매끄럽게 처리하려면 모든 엣지케이스들을 다 처리해야하는데 그건 할수도 없으면서 체리피킹으로 화려하게만 만들고.. 스케일링의 법칙이 깨진 이후로 ai회사들이 갈길을 잃은 것 같습니다. 실제로는 한계에 부딪혀서 응용소프트웨어 회사로 전락했는데 아닌것처럼 속이고 있죠. 근데 그 한계 때문에 응용소프트웨어도 매끄럽게 만들기가 힘들죠. 이 버블은 조만간 터진다고 봐요.,3,2025-07-21T17:14:55Z,2025-07-21T17:14:55Z,1,False,
Ugxbuvz-_m5TuDXr3oh4AaABAg.AKqgVztJfvYAKrLqpJMTYy,mV89q23WSjE,@yee6826,UCa1Ih3hq875VIyudpdCMWcw,마누스같은 에이전트는 중간에 계속 이거 해도돼나도 물어보던데 GPT도 곧 있으면 발전할거에요,0,2025-07-21T23:24:54Z,2025-07-21T23:24:54Z,0,True,Ugxbuvz-_m5TuDXr3oh4AaABAg
UgwNVWvP43iUL_wXCct4AaABAg,mV89q23WSjE,@AlwaysWeb,UCbzskloXOuYCiV8NffmDkKA,심지어 PSYHO 저 사람은 Openai에서 일했던 사람이네 ㄷㄷ,0,2025-07-21T16:36:24Z,2025-07-21T16:36:24Z,0,False,
Ugw0Ad_WGpp9-2y9oP14AaABAg,mV89q23WSjE,@Venalreth,UCofPDcTgIxD-gVbGZGq0-zw,"#<a href=""https://www.youtube.com/watch?v=mV89q23WSjE&amp;t=301"">5:01</a> 신기하네 상위권이 거의 다 일본...겉보기로 일본 IT후진국인데 뭐가 진짜인지 ㄷㄷㄷ",0,2025-07-21T16:14:23Z,2025-07-21T16:14:23Z,0,False,
UgwoqjLoaD44ldVSM3x4AaABAg,mV89q23WSjE,@taehoonlee3074,UCc6-WgayNJ0GIxanvjU5abA,안드로이드 컴패니언 안보이던데???,0,2025-07-21T16:09:18Z,2025-07-21T16:09:18Z,1,False,
UgwoqjLoaD44ldVSM3x4AaABAg.AKq_-Ou1jS6AKqaS3gyt9Y,mV89q23WSjE,@cooter4257,UCCDhJcm_w1MCj5F8GTjdJow,앱스토어(애플) 만 출시했데요,0,2025-07-21T16:21:57Z,2025-07-21T16:21:57Z,0,True,UgwoqjLoaD44ldVSM3x4AaABAg
UgzAjJReqoxqDfpZz-J4AaABAg,mV89q23WSjE,@빠수영후나,UCq0yZiwCoBi1Ti5Yl8-T5cw,조코딩님 드디어 버튜버 데뷔하시는줄,6,2025-07-21T15:55:20Z,2025-07-21T15:55:20Z,0,False,
Ugzhje0kc_qM95B0Let4AaABAg,mV89q23WSjE,@_icestar,UCvVp4GkUrxRby9mtzYOVy4A,"조코딩님 구독자입니다! 게임 개발 영상부터 쭉 봐오던 1인으로서 이번 랭체인 책 너무 기대돼요<br>항상 실무 중심으로 쉽게 설명해주시는 스타일이라 AI 에이전트도 실제로 만들면서 배울 수 있을 것 같아서 정말 해보고 싶습니다! 특히 랭체인 공식문서만으론 한계가 있었는데, 조코딩님이 직접 경험한 노하우와 팁들이 담겨있다면 실무에서 바로 써먹을 수 있을 거 같아요.<br>한국어 처리나 국내 서비스 환경에 맞는 AI 개발 방법도 궁금하고, 무엇보다 조코딩님의 &quot;만들면서 배우는&quot; 방식으로 AI 에이전트 서비스를 A-Z까지 구축하는 과정을 배우고 싶어요!<br>게임 개발부터 지금까지 양질의 콘텐츠로 개발자들에게 도움 주셔서 항상 감사합니다  이번 책도 대박나길 응원해요!",2,2025-07-21T15:43:54Z,2025-07-21T15:43:54Z,0,False,
UgyMuQKZkGn0cJi5Gtl4AaABAg,mV89q23WSjE,@japog09,UCgubBOfrRaQqrn-bpSSk44A,그록 컴패니언 안드로이드 버전 없나요? 급합니다,3,2025-07-21T14:48:32Z,2025-07-21T14:48:32Z,0,False,
UgzjYaFH63rk6vgA1XV4AaABAg,mV89q23WSjE,@한글사랑-n4g,UC4fKZ5DK1ykPGAY_Bbn0l6g,"안녕하세요. LLM의 무한한 가능성에 매료되었지만, API 호출을 넘어 &#39;진짜 지능적인 서비스&#39;를 만드는 데에는 늘 막막함을 느꼈던 개발자입니다. 흩어져 있는 랭체인, 에이전트, RAG 같은 개념들 속에서 길을 잃던 저에게, &#39;조코딩&#39;님의 책 출간 소식은 한 줄기 빛과 같았습니다.<br><br>제가 이 책에 가장 기대하는 것은 이론을 넘어 &#39;나만의 AI 에이전트&#39;를 만들 수 있는 실전 능력을 얻는 것입니다. 뜬구름 같던 랭체인의 핵심 원리를 명확히 꿰뚫고, 특히 RAG 기술을 활용해 제 업무 데이터를 학습시킨 &#39;나만의 AI 비서&#39;를 직접 구현해보고 싶습니다.<br><br>단순한 챗봇을 넘어, 스스로 생각하고 문제를 해결하는 AI 에이전트를 만드는 실무 경험은 AI 개발자로서 제 커리어에 가장 확실한 무기가 될 것입니다. 조코딩님 특유의 명쾌한 설명과 실전 예제가 저의 성장을 이끌어주시리라 믿습니다.<br><br>이 멋진 책으로 AI 개발의 새로운 길을 열어갈 기회를 꼭 잡고 싶습니다",2,2025-07-21T14:02:03Z,2025-07-21T14:02:03Z,0,False,
UgwG3jfgGOI1pxGSt6R4AaABAg,mV89q23WSjE,@이름-h2k3t,UChYquWHFGtTt5Lu-LanvtLQ,ㅋㄱㅋㅋㄱㅋ 그록 레전드네,0,2025-07-21T13:51:52Z,2025-07-21T13:51:52Z,0,False,
UgwPhl4nuleJa0vMNmt4AaABAg,mV89q23WSjE,@공룡붐은온다-티라노,UChhBVJEZXpFv21zS7A3Cczg,배터리 로봇은 진짜 미쳤다.,1,2025-07-21T13:39:43Z,2025-07-21T13:39:43Z,0,False,
UgyC_ry3Vhcn6ZGhYbt4AaABAg,mV89q23WSjE,@탄포-l7c,UCx8JAF2NJdbk7BICXDAqeuQ,와 진짜 세상이 무섭다...,7,2025-07-21T13:25:35Z,2025-07-21T13:25:35Z,0,False,
UgwuNvTzZBbeQ26Uk4V4AaABAg,mV89q23WSjE,@yuramisuper,UC96ezQaNkKJXaQY_aAdVN4w,AI 연애 시장 ㅋㅋ 아주 커질겁니다.,10,2025-07-21T13:19:55Z,2025-07-21T13:19:55Z,0,False,
Ugxr4dFFYu2Ur3vWBbZ4AaABAg,mV89q23WSjE,@sean.k,UC0nzJaHh_WYvAPzCfXSG2bg,국힘답다,1,2025-07-21T13:19:30Z,2025-07-21T13:19:30Z,0,False,
